[
  {
    "id": 1,
    "totalDisk": 1024,
    "diskUsage": 512,
    "diskFree": 512,
    "estado": 1
  },
  {
    "id": 1,
    "totalDisk": 1024,
    "diskUsage": 512,
    "diskFree": 512,
    "estado": 0
  },
  {
    "id": 1,
    "totalDisk": 1024,
    "diskUsage": 512,
    "diskFree": 512,
    "estado": 0
  },
  {
    "id": 2,
    "totalDisk": 2048,
    "diskUsage": 1536,
    "diskFree": 512,
    "estado": 0
  },
  {
    "id": 3,
    "totalDisk": 4096,
    "diskUsage": 1024,
    "diskFree": 3072,
    "estado": 1
  },
  {
    "id": 4,
    "totalDisk": 8192,
    "diskUsage": 2048,
    "diskFree": 6144,
    "estado": 0
  },
  {
    "id": 5,
    "totalDisk": 3072,
    "diskUsage": 2048,
    "diskFree": 1024,
    "estado": 1
  },
  {
    "id": 6,
    "totalDisk": 5120,
    "diskUsage": 2560,
    "diskFree": 2560,
    "estado": 0
  },
  {
    "id": 7,
    "totalDisk": 10240,
    "diskUsage": 5120,
    "diskFree": 5120,
    "estado": 1
  },
  {
    "id": 8,
    "totalDisk": 6144,
    "diskUsage": 3072,
    "diskFree": 3072,
    "estado": 0
  },
  {
    "id": 9,
    "totalDisk": 2560,
    "diskUsage": 1280,
    "diskFree": 1280,
    "estado": 1
  }
]
